{
  "es": {
    "What is MAPFRE Marketplace?": "¿Qué es MAPFRE Marketplace?",
    "The Marketplace forms the space where the development of MAPFRE projects.": "El Marketplace conforma el espacio donde se potencia y acelera el desarrollo de los proyectos de MAPFRE gracias a los siguientes pilares fundamentales: el catálogo de arquitecturas de referencia, el catálogo de componentes, APIs y Documentación.",
    "Improve your software development experience with MAPFRE Marketplace!": "¡Mejora tu experiencia de desarrollo software con MAPFRE Marketplace!",
    "The component catalog is where the base resources of our products and services are defined. Each developer or team will have their components adjusting to the needs of the projects.": "El catálogo de componentes es donde se definen los recursos base de nuestros productos y servicios. Cada desarrollador o equipo tendrá sus componentes ajustándose a las necesidades de los proyectos.",
    "Access components": "Acceder a componentes",
    "Use your own catalog of software components": "Utiliza tu propio catálogo de componentes software",
    "It uses the MAPFRE APIs catalogue. Over 1000 working APIs!": "Utiliza el catalogo de APIs de MAPFRE. ¡Más de 1000 APIs en funcionamiento!",
    "The API catalog allows you to view, use, share, consume and provide APIs between developers and services from multiple countries and projects. In this catalog you can make use of the different types of APIs according to your needs as a user or those of your application.": "El catálogo de APIs te permite visualizar, utilizar, compartir, consumir y proveer APIs entre desarrolladores y servicios de múltiples países y proyectos. En este catálogo podrás hacer uso de los diferentes tipos de APIs según tus necesidades como usuario o las de tu aplicación.",
    "Access APIs": "Acceder a APIs",
    "The developer will have at his disposal a set of reference architectures as blueprints.": "El desarrollador tendrá a su disposición un conjunto de arquitecturas de referencia a modo de \"blueprints\", que podrá ajustar y configurar según las necesidades de su proyecto.",
    "Architectures to help you compose your products!": "¡Arquitecturas para ayudarte a componer tus productos!",
    "Go to Zeus": "Ir a Zeus",
    "Go to Reef": "Ir a Reef",
    "Our Catalogs": "Nuestros catálogos",
    "Concept": "Concepto",
    "Quickstart": "Inicio rápido",
    "The Global Documentation catalogue.":"El catálogo de Documentación de ámbito global. ",
    "First steps: Reference Architectures": "Primeros pasos: Arquitecturas de referencia",
    "Follow this guide to start exploring the reference architectures that MAPFRE architecture team provides and use them as part of your projects!": "Siga esta guía para empezar a explorar las arquitecturas de referencia que el equipo de arquitectura de MAPFRE pone a su disposición y utilícelas como parte de sus proyectos.",
    "The component catalog is where the base resources of our products and services are defined. Each developer or dev team will have their own components adjusting them to the needs of their projects.": "El catálogo de componentes es donde se definen los recursos base de nuestros productos y servicios. Cada desarrollador o equipo de desarrollo tendrá sus propios componentes ajustándolos a las necesidades de sus proyectos.",
    "The API catalog allows you to view, use, share, consume and provide APIs between developers and services from multiple countries and projects. In this catalog you can make use of the different types of APIs according to your needs.": "El catálogo de API le permite ver, compartir, consumir y proporcionar API entre desarrolladores y servicios de varios países y proyectos. "
  },
  "pt": {
    "What is MAPFRE Marketplace?": "O que é o MAPFRE Marketplace?",
    "First steps: Reference Architectures": "Primeiros passos: Arquitecturas de referência",
    "Follow this guide to start exploring the reference architectures that MAPFRE architecture team provides and use them as part of your projects!": "Siga este guia para começar a explorar as arquitecturas de referência que a equipa de arquitectura MAPFRE fornece e utilize-as como parte dos seus projectos!",
    "The Marketplace forms the space where the development of MAPFRE projects.": "O Marketplace é o espaço onde se promove e acelera o desenvolvimento dos projetos da MAPFRE graças aos seguintes pilares fundamentais: o catálogo de arquiteturas de referência, o catálogo de componentes, APIs e Documentação.",
    "Improve your software development experience with MAPFRE Marketplace!": "Melhore sua experiência de desenvolvimento de software com o MAPFRE Marketplace!",
    "The component catalog is where the base resources of our products and services are defined. Each developer or team will have their components adjusting to the needs of the projects.": "O catálogo de componentes é onde são definidos os recursos básicos de nossos produtos e serviços. Cada desenvolvedor ou equipe terá seus componentes se ajustando às necessidades dos projetos.",
    "Access components": "Ir para componentes",
    "Use your own catalog of software components": "Use seu próprio catálogo de componentes de software",
    "It uses the MAPFRE APIs catalogue. Over 1000 working APIs!": "Utiliza o catálogo de APIs MAPFRE. Mais de 1000 APIs funcionando!",
    "The API catalog allows you to view, use, share, consume and provide APIs between developers and services from multiple countries and projects. In this catalog you can make use of the different types of APIs according to your needs as a user or those of your application.": "O catálogo de APIs permite visualizar, usar, compartilhar, consumir e fornecer APIs entre desenvolvedores e serviços de vários países e projetos. Neste catálogo você pode utilizar os diferentes tipos de APIs de acordo com suas necessidades como usuário ou de sua aplicação.",
    "Access APIs": "Ir para APIs",
    "Quickstart": "Começo rápido",
    "The developer will have at his disposal a set of reference architectures as blueprints.": "O desenvolvedor terá à sua disposição um conjunto de arquiteturas de referência como \"blueprints\", que poderá ajustar e configurar de acordo com as necessidades do seu projeto.",
    "Architectures to help you compose your products!": "Arquiteturas para te ajudar a compor seus produtos!",
    "Go to Zeus": "Ir para Zeus",
    "Go to Reef": "Ir para Reef",
    "Our Catalogs": "Os nossos catálogos",
    "Concept": "Conceito",
    "The Global Documentation catalogue.":"O catálogo de documentação global.  ",
    "The component catalog is where the base resources of our products and services are defined. Each developer or dev team will have their own components adjusting them to the needs of their projects.": "O catálogo de componentes é onde são definidos os recursos de base dos nossos produtos e serviços. Cada desenvolvedor ou equipa de desenvolvimento terá os seus próprios componentes, ajustando-os às necessidades dos seus projectos.",
    "The API catalog allows you to view, use, share, consume and provide APIs between developers and services from multiple countries and projects. In this catalog you can make use of the different types of APIs according to your needs.": "O catálogo API permite visualizar, partilhar, consumir e fornecer APIs entre programadores e serviços de vários países e projectos."
  }
}
