{
  "es": {
    "Catálogo de Servicios Cloud": "Catálogo de Servicios Cloud",
    "Service Typology": "Tipología de Servicio",
    "Almacenamiento": "Almacenamiento",
    "Bases de datos": "Bases de datos",
    "Computación": "Computación",
    "Integración": "Integración",
    "Orquestación": "Orquestación"
  },
  "pt": {
    "Cloud Services Catalog": "Catálogo de serviços Cloud",
    "Service Typology": "Tipo de Serviço",
    "Storage": "Armazenamento",
    "Databases": "Bases de dados",
    "Compute": "Computação",
    "Integration": "Integração",
    "Orchestration": "Orquestração",
    "Catálogo de Servicios Cloud": "Cloud Services Catalog",
    "Almacenamiento": "Armazenamento",
    "Bases de datos": "Bases de dados",
    "Computación": "Computação",
    "Integración": "Integração",
    "Orquestación": "Orquestração"
  }
}
