{
  "es": {
    "Search in MAPFRE APIs Catalog": "Busca en el Catálogo de APIs de MAFRE",
    "APIs Catalog": "Catálogo de APIs",
    "Legacy APIs Catalog": "Catálogo de APIs Legacy",
    "Filter by Country": "Filtrar por país",
    "Filter by Business Line": "Filtrar por línea de negocio",
    "Filter by Business Entity": "Filtrar por entidad de negocio",
    "Cross": "Transversal",
    "Accidents": "Accidentes",
    "Auto": "Automóviles",
    "Bicycles & Cyclists": "Bicicletas y Ciclistas",
    "Community": "Comunidad",
    "Death": "Decesos",
    "Legal Defense": "Defensa Legal",
    "Business": "Empresa",
    "Home Insurance": "Hogar",
    "Pets": "Mascotas",
    "Property & Contingency": "Propiedad y Contingencia",
    "Rural": "Rural",
    "Umbrella": "Integral",
    "Travel": "Viajes",
    "Others": "Otros",
    "Savings": "Ahorro",
    "Risk": "Riesgo",
    "Health Care": "Asistencia Sanitaria",
    "Medical Centers": "Centros Médicos",
    "Catalog API": "Catalogar API",
    "Support": "Soporte",
    "Subscribe": "Suscribirse",
    "Unsuscribe": "Darse de baja",
    "Health - Other": "Salud - Otros",
    "NoLife - Other": "No Vida - Otros",
    "Life - Other": "Vida - Otros"
  },
  "pt": {
    "Search in MAPFRE APIs Catalog": "Pesquisa no Catálogo MAPFRE APIs",
    "APIs Catalog": "Catálogo de APIs",
    "Legacy APIs Catalog": "Catálogo de APIs Legacy",
    "Filter by Country": "Filtrar por país",
    "Filter by Business Line": "Filtrar por linha de negócio",
    "Filter by Business Entity": "Filtrar por entidade empresarial",
    "Cross": "Transversal",
    "Accidents": "Acidentes",
    "Auto": "Automóveis",
    "Bicycles & Cyclists": "Bicicletas e Ciclistas",
    "Community": "Comunidade",
    "Death": "Mortes",
    "Legal Defense": "Defesa legal",
    "Business": "Empresa",
    "Home Insurance": "Residencial",
    "Pets": "Animais de estimação",
    "Property & Contingency": "Propriedade e Contingência",
    "Rural": "Rural",
    "Umbrella": "Umbrella",
    "Travel": "Viagens",
    "Others": "Outros",
    "Savings": "Poupança",
    "Risk": "Risco",
    "Health Care": "Cuidados de saúde",
    "Medical Centers": "Centros Médicos",
    "Catalog API": "Catálogo API",
    "Support": "Suporte",
    "Subscribe": "Se inscrever",
    "Unsubscribe": "Cancelar subscrição",
    "Health - Other": "Saúde - Outros",
    "NoLife - Other": "Não Vida - Outros",
    "Life - Other": "Vida - Outros"
  }
}
