{
  "es": {
    "All your software catalog entities": "Todas las entidades de su catálogo de software",
    "Create CSV": "Crear CSV",
    "Support": "Soporte",
    "Help": "Ayuda",
    "Close": "Cerrar",
    "Name": "Nombre",
    "Actions": "Acciones",
    "View": "Ver"
  },
  "pt": {
    "All your software catalog entities": "Todas as suas entidades de catálogo de software",
    "Create CSV": "Crear CSV",
    "Support": "Suporte",
    "Help": "Ajuda",
    "Close": "Fechar",
    "Name": "Nome",
    "Actions": "Acções",
    "View": "Ver"
  }
}
