{
  "en": {
    "responsibles": {
      "type": {
        "functional": "functional",
        "technical": "technical"
      },
      "approval": {
        "message": "Updated {{type}} responsible {{user}} to {{approval}}",
        "approved": "approved",
        "rejected": "rejected",
        "pending": "pending"
      }
    },
    "gov": {
      "forced": "Approved by the Government Team"
    }
  },
  "es": {
    "Updated. Updated section: Metadata": "Actualizado. Sección actualizada: Metadata",
    "Updated. Updated section: Contents": "Actualizado. Sección actualizada: Contenido",
    "File": "Fichero",
    "deleted": "eliminado",
    "File deleted": "Fichero eliminado",
    "Binary content": "Contenido binario",
    "with": "con",
    "A document validation is attached.": "Se adjunta documento con el resultado de la validación.",
    "A document validation is attached. Please check for correction and request a revision again": "Se adjunta documento con el resultado de la validación. Por favor revise para su corrección y solicite nuevamente una revisión",
    "APPROVED": "APROBADO",
    "ACCEPTED": "ACEPTADO",
    "DRAFT": "BORRADOR",
    "PENDING ACCEPTANCE": "PENDIENTE DE ACEPTACION",
    "PENDING APPROVAL": "PENDIENTE DE APROBACION",
    "DISCARDED": "DESCARTADO",
    "REJECTED": "RECHAZADO",
    "returned to APPROVED status": "devuelto al estado APROBADO",
    "Mapfre Documentation": "Documentación de Mapfre",
    "marked as PENDING APPROVAL": "marcado como PENDIENTE DE APROBACION",
    "marked as PENDING ACCEPTANCE": "marcado como PENDIENTE DE ACEPTACION",
    "marked as RETIRED CANDIDATE": "marcado como CANDIDATO a RETIRADO",
    "PERMANENTLY RETIRED": "RETIRADO DEFINITIVAMENTE",
    "REJECTED and reverted to DRAFT": "RECHAZADO y devuelto a BORRADOR",
    "REJECTED and marked as DRAFT": "RECHAZADO y marcado como BORRADOR",
    "The entity": "El activo",
    "The edited entity": "La edición del activo",
    "has been": "ha sido",
    "has been changed to": "ha sido cambiado a",
    "Entity status change": "Cambio de estado del activo",
    "Failed to fetch government group for country": "No se pudo obtener el grupo de gobierno del país",
    "is pending review": "está pendiente de revisión",
    "WSRR files uploaded from Backstage": "Archivos WSRR subidos desde Backstage",
    "WSRR file deleted from": "Archivo WSRR eliminado de",
    "review": "revisión",
    "approved": "aprobado",
    "rejected": "rechazada",
    "draft": "borrador",
    "retired candidate": "candidato a retirado",
    "pending acceptance": "pendiente de aceptación",
    "pending approval": "pendiente de aprobación",
    "accepted": "aceptado",
    "discarded": "descartado",
    "retired": "retirado",
    "Entity state transitioned to review": "Estado del activo ha cambiado a revisión",
    "Entity state transitioned to approved": "Estado del activo ha cambiado a aprobado",
    "Entity state transitioned to accepted": "Estado del activo ha cambiado a aceptado",
    "Entity state transitioned to pending acceptance": "Estado del activo ha cambiado a pendiente de aceptación",
    "Entity state transitioned to pending approval": "Estado del activo ha cambiado a pendiente de aprobación",
    "Entity state transitioned to draft": "Estado del activo ha cambiado a borrador",
    "Entity state transitioned to retired candidate": "Estado del activo ha cambiado a candidato a retirado",
    "Entity state transitioned to retired": "Estado del activo ha cambiado a retirado",
    "Entity state transitioned to discarded": "Estado del activo ha cambiado a descartado",
    "Entity state transitioned to review edited": "Estado del activo ha cambiado a revisión editado",
    "Entity edition rejected": "Edición del activo rechazada",
    "Entity edition accepted": "Edición del activo aprobada",
    "Entity creation": "Entidad creada",
    "Uploaded file in entity creation": "Archivo cargado en la creación de entidad",
    "Cloned entity. Updated section: Metadata": "Activo clonado. Sección actualizada: Metadata",
    "Entity edited successfully": "Entidad editada con éxito",
    "Entity cloned successfully": "Entidad clonada con éxito",
    "deployed in WSRR": "desplegado en WSRR",
    "sent to publication in Service Manager": "enviado a su publicación en Service Manager",
    "using user": "utilizando el usuario",
    "responsibles": {
      "type": {
        "functional": "funcional",
        "technical": "técnico"
      },
      "approval": {
        "message": "Actualizado responsable {{type}} {{user}} a {{approval}}",
        "approved": "aprobado",
        "rejected": "rechazado",
        "pending": "pendiente"
      }
    },
    "gov": {
      "forced": "Aprobado por el Equipo de Gobierno"
    }
  },
  "pt": {
    "Updated. Updated section: Metadata": "Atualizada. Seção atualizada: Metadados",
    "Updated. Updated section: Contents": "Atualizada. Seção atualizada: Conteúdo",
    "File": "Arquivo",
    "deleted": "excluído",
    "File deleted": "Arquivo excluído",
    "Binary content": "Conteúdo binário",
    "with": "com",
    "A document validation is attached.": "Uma validação do documento está anexada.",
    "A document validation is attached. Please check for correction and request a revision again": "Uma validação do documento está anexada. Verifique se há correções e solicite uma revisão novamente",
    "APPROVED": "APROVADO",
    "REJECTED": "REJEITADO",
    "ACCEPTED": "ACEITADO",
    "DRAFT": "RASCUNHO",
    "PENDING ACCEPTANCE": "ACEITAÇÃO PENDENTE",
    "PENDING APPROVAL": "PENDENTE DE APROVAÇÃO",
    "DISCARDED": "DISCARDED",
    "Mapfre Documentation": "Documentação Mapfre",
    "returned to APPROVED status": "retornou ao status APPROVADO",
    "marked as PENDING APPROVAL": "marcado como PENDENTE DE APROVAÇÃO",
    "marked as PENDING ACCEPTANCE": "marcado como PENDENTE DE ACEITAÇÃO",
    "marked as RETIRED CANDIDATE": "marcado como CANDIDATO RETIRADO",
    "PERMANENTLY RETIRED": "DEFINITIVAMENTE RETIRADO",
    "REJECTED and reverted to DRAFT": "REJEITADA e revertida para RASCUNHO",
    "REJECTED and marked as DRAFT": "REJEITADA e marcada como RASCUNHO",
    "The entity": "A entidade",
    "The edited entity": "A edição do ativo",
    "has been": "foi",
    "has been changed to": "foi alterado para",
    "review": "revisão",
    "approved": "aprovado",
    "rejected": "rejeitado",
    "draft": "rascunho",
    "pending acceptance": "aceitação pendente",
    "pending approval": "pendente de aprovação",
    "accepted": "aceptado",
    "discarded": "descartado",
    "retired candidate": "candidato retirado",
    "retired": "retirado",
    "Entity state transitioned to review": "Estado da entidade transferido para revisão",
    "Entity state transitioned to approved": "Estado da entidade transferido para aprovado",
    "Entity state transitioned to pending acceptance": "Estado da entidade transitou para aceitação pendente",
    "Entity state transitioned to pending approval": "Estado da entidade transitou para aprovação pendente",
    "Entity state transitioned to draft": "Estado da entidade transferido para rascunho",
    "Entity state transitioned to retired candidate": "Estado da entidade transferido para candidato retirado",
    "Entity state transitioned to retired": "Estado da entidade transferido para retirado",
    "Entity state transitioned to discarded": "O estado do ativo foi alterado para rejeitado",
    "Entity state transitioned to review edited": "Estado da entidade transferido paraa revisão editado",
    "Entity edition rejected": "Edição da entidade rejeitada",
    "Entity edition accepted": "Edição da entidade aprovada",
    "Entity status change": "Alteração do status da entidade",
    "Entity creation": "Criação de entidade",
    "Uploaded file in entity creation": "Arquivo enviado na criação da entidade",
    "Failed to fetch government group for country": "Não foi possível obter o grupo de governo do país",
    "is pending review": "está pendente de revisão",
    "WSRR files uploaded from Backstage": "Arquivos WSRR carregados do Backstage",
    "WSRR file deleted from": "Arquivo WSRR borrado de",
    "Cloned entity. Updated section: Metadata": "Entidade clonada. Seção atualizada: Metadados",
    "Entity edited successfully": "Entidade editada com sucesso",
    "Entity cloned successfully": "Entidade clonada com sucesso",
    "deployed in WSRR": "implementado no WSRR",
    "sent to publication in Service Manager": "enviado para publicação no Service Manager",
    "using user": "usando o usuário",
    "responsibles": {
      "type": {
        "functional": "funcional",
        "technical": "técnico"
      },
      "approval": {
        "message": "Gerente {{type}} atualizado {{user}} para {{approval}}",
        "approved": "aprovada",
        "rejected": "rejeitada",
        "pending": "pendente"
      }
    },
    "gov": {
      "forced": "Aprovado pela Equipe do Governo"
    }
  }
}
