{
  "en": {
    "api_not_authorized": "You do not have authorization to access the API. If you should have access, please contact your MAPFRE contact."
  },
  "es": {
    "Search in MAPFRE APIs Catalog": "Busca en el Catálogo de APIs de MAPFRE",
    "APIs Catalog": "Catálogo de APIs",
    "Legacy APIs Catalog": "Catálogo de APIs Legacy",
    "Filter by Country": "Filtrar por país",
    "Filter by Business Line": "Filtrar por línea de negocio",
    "Filter by Business Entity": "Filtrar por entidad de negocio",
    "Cross": "Transversal",
    "Accidents": "Accidentes",
    "Auto": "Automóviles",
    "Bicycles & Cyclists": "Bicicletas y Ciclistas",
    "Community": "Comunidad",
    "Death": "Decesos",
    "Legal Defense": "Defensa Legal",
    "Business": "Empresa",
    "Home Insurance": "Hogar",
    "Pets": "Mascotas",
    "Property & Contingency": "Propiedad y Contingencia",
    "Rural": "Rural",
    "Umbrella": "Integral",
    "Travel": "Viajes",
    "Others": "Otros",
    "Savings": "Ahorro",
    "Risk": "Riesgo",
    "Health Care": "Asistencia Sanitaria",
    "Medical Centers": "Centros Médicos",
    "Catalog API": "Catalogar API",
    "Support": "Soporte",
    "Subscribe": "Suscribirse",
    "Unsubscribe": "Darse de baja",
    "Health - Other": "Salud - Otros",
    "NoLife - Other": "No Vida - Otros",
    "Life - Other": "Vida - Otros",
    "English": "Inglés",
    "Spanish": "Español",
    "Portuguese": "Portugués",
    "Create view": "Crear vista",
    "New custom view": "Nueva vista",
    "Save current view": "Guardar vista actual",
    "Views": "Vistas",
    "Name": "Nombre",
    "Name view": "Nombre vista",
    "No rows": "Sin filas",
    "Columns": "Columnas",
    "Results not found": "Resultados no encontrados",
    "Density": "Densidad",
    "Compact": "Compacta",
    "Standard": "Estándar",
    "Comfortable": "Cómoda",
    "Select columns": "Seleccionar columnas",
    "Filters": "Filtros",
    "Show filters": "Mostrar filtros",
    "Hide filters": "Ocultar filtros",
    "Search...": "Buscar...",
    "Search": "Buscar",
    "Clean": "Limpiar",
    "Export": "Exportar",
    "Download as CSV": "Descargar como CSV",
    "Print": "Imprimir",
    "Search column": "Columna de búsqueda",
    "Title column": "Título de columna",
    "Reorder column": "Reordenar columna",
    "Show all": "Mostrar todo",
    "Hide all": "Ocultar todo",
    "Add filter": "Añadir filtro",
    "Remove all": "Eliminar todo",
    "Delete": "Borrar",
    "Logic operator": "Operador lógico",
    "Operator": "Operadores",
    "And": "Y",
    "Or": "O",
    "Value": "Valor",
    "Filter value": "Valor de filtro",
    "contains": "contiene",
    "equals": "es igual",
    "starts with": "comienza con",
    "ends with": "termina con",
    "is": "es",
    "not": "no es",
    "after": "es posterior",
    "on or after": "es en o posterior",
    "before": "es anterior",
    "on or before": "es en o anterior",
    "is empty": "está vacío",
    "is not empty": "no está vacío",
    "is any of": "es cualquiera de",
    "Menu": "Menú",
    "Show columns": "Mostrar columnas",
    "Manage columns": "Administrar columnas",
    "Filter": "Filtro",
    "Hide column": "Ocultar columna",
    "Unsort": "Desordenar",
    "Sort ASC": "Ordenar ASC",
    "Sort DESC": "Ordenar DESC",
    "1 rows selected": "1 filas seleccionadas",
    "1 row selected": "1 fila seleccionada",
    "Total rows: ": "Total filas: ",
    " of ": " de ",
    "Rows per page:": "Filas por página",
    "Cards per page:": "Cards por página",
    "Go to next page": "Ir a la página siguiente",
    "Go to previous page": "Ir a la página anterior",
    "API Catalog": "Catálogo de APIs",
    "Not authorised": "No autorizado",
    "api_not_authorized": "No dispone de autorización para acceder al API. Si debería de tener acceso, por favor ponte en contacto con tu contacto en MAPFRE.",
    "No results": "No hay resultados",
    "Please use other filters to see new results": "Seleccione otros filtros para ver nuevos resultados",
    "Go to internal view": "Ir a vista interna",
    "Enter": "Entrar",
    "This API has not passed validation": "Este API no ha pasado la validación",
    "This API has passed validation": "Este API ha pasado la validación",
    "Clear": "Limpiar",
    "APIs shared with collaborating companies": "APIs compartidas con empresas colaboradoras",
    "Consumption APIs from within MAPFRE": "APIs de consumo desde dentro de MAPFRE",
    "Entity APIs": "APIs de Entidades",
    "Corporate": "Corporativo",
    "Business APIs based on TRON": "APIs de Negocio basadas en TRON",
    "View list": "Ver listado",
    "Regulations": "Normativas",
    "API regulations": "Normativa API",
    "REST standards for APIs design": "Normativa REST para el diseño de APIs",
    "API publication procedure": "Procedimiento de publicación de APIs",
    "Lifecycle flow of publishing an API in Mapfre in Marketplace and API GW": "Flujo del ciclo de vida de publicación de un API en Mapfre en Marketplace y API GW",
    "See consumer view": "Ver vista de consumidor",
    "Consumption APIs from": "Apis de consumo desde",
    "within": "dentro",
    "outside": "fuera",
    "MAPFRE or from": "de MAPFRE o desde",
    " MAPFRE": "de MAPFRE",
    "Access to APIs": "Acceso a las APIs",
    "Query APIs with a pre-built enterprise implementation. This can be used as the basis for building new APIs": "Apis de consulta con una implementación pre-construida desde corporativo y que puede servir de base para la construcción de nuevas APIs"
  },
  "pt": {
    "Search in MAPFRE APIs Catalog": "Pesquisa no Catálogo MAPFRE APIs",
    "APIs Catalog": "Catálogo de APIs",
    "Legacy APIs Catalog": "Catálogo de APIs Legacy",
    "Filter by Country": "Filtrar por país",
    "Filter by Business Line": "Filtrar por linha de negócio",
    "Filter by Business Entity": "Filtrar por entidade empresarial",
    "Cross": "Transversal",
    "Accidents": "Acidentes",
    "Auto": "Automóveis",
    "Bicycles & Cyclists": "Bicicletas e Ciclistas",
    "Community": "Comunidade",
    "Death": "Mortes",
    "Legal Defense": "Defesa legal",
    "Business": "Empresa",
    "Home Insurance": "Residencial",
    "Pets": "Animais de estimação",
    "Property & Contingency": "Propriedade e Contingência",
    "Rural": "Rural",
    "Umbrella": "Umbrella",
    "Travel": "Viagens",
    "Others": "Outros",
    "Savings": "Poupança",
    "Risk": "Risco",
    "Health Care": "Cuidados de saúde",
    "Medical Centers": "Centros Médicos",
    "Catalog API": "Catálogo API",
    "Support": "Suporte",
    "Subscribe": "Se inscrever",
    "Unsubscribe": "Cancelar subscrição",
    "Health - Other": "Saúde - Outros",
    "NoLife - Other": "Não Vida - Outros",
    "Life - Other": "Vida - Outros",
    "English": "Inglês",
    "Spanish": "Espanhol",
    "Portuguese": "Portuguese",
    "Create view": "Criar visualização",
    "New custom view": "Nova visualização",
    "Save current view": "Salvar a visualização atual",
    "Views": "Visualizações",
    "Name": "Nome",
    "Name view": "Visualização do nome",
    "No rows": "Sem linhas",
    "Columns": "Colunas",
    "Results not found": "Resultados não encontrados",
    "Select columns": "Selecionar colunas",
    "Filters": "Filtros",
    "Show filters": "Mostrar filtros",
    "Hide filters": "Ocultar filtros",
    "Search...": "Pesquisa...",
    "Search": "Pesquisa",
    "Clean": "Limpo",
    "Export": "Exportar",
    "Download as CSV": "Download como CSV",
    "Print": "Imprimir",
    "Search column": "Coluna de pesquisa",
    "Title column": "Título da coluna",
    "Reorder column": "Reordenar coluna",
    "Show all": "Mostrar tudo",
    "Hide all": "Ocultar tudo",
    "Add filter": "Adicionar filtro",
    "Remove all": "Remover tudo",
    "Delete": "Borrar",
    "Logic operator": "Operador lógico",
    "Operator": "Operadores",
    "And": "E",
    "Or": "Ou",
    "Value": "Valor",
    "Filter value": "Valor do filtro",
    "contains": "contém",
    "equals": "igual a",
    "starts with": "começa com",
    "ends with": "termina com",
    "is": "é",
    "not": "não é",
    "after": "após",
    "on or after": "em ou após",
    "before": "antes",
    "on or before": "em ou antes",
    "is empty": "está vazio",
    "is not empty": "não está vacío",
    "is any of": "é qualquer um dos",
    "Menu": "Menú",
    "Show columns": "Mostrar colunas",
    "Manage columns": "Gerenciar colunas",
    "Filter": "Filtro",
    "Hide column": "Ocultar coluna",
    "Unsort": "Desordenar",
    "Sort ASC": "Ordenar ASC",
    "Sort DESC": "Ordenar DESC",
    "1 rows selected": "1 linhas selecionadas",
    "1 row selected": "1 linhas selecionada",
    "Total rows: ": "Total de linhas: ",
    " of ": " de ",
    "Rows per page:": "Linhas por página",
    "Cards per page:": "Cards por página",
    "Go to next page": "Ir para a página seguinte",
    "Go to previous page": "Ir para a página anterior",
    "API Catalog": "Catálogo de APIs",
    "Not authorised": "Não autorizado",
    "api_not_authorized": "Você não tem autorização para acessar a API. Se você deveria ter acesso, entre em contato com seu contato na MAPFRE.",
    "No results": "Não há resultados",
    "Please use other filters to see new results": "Seleccione outros filtros para ver novos resultados",
    "Go to internal view": "Ir para a vista interna",
    "Enter": "Entrar",
    "This API has not passed validation": "Este API não passou na validação",
    "This API has passed validation": "Este API passou na validação.",
    "Clear": "Limpar",
    "APIs shared with collaborating companies": "APIs compartilhadas com empresas colaboradoras",
    "Consumption APIs from within MAPFRE": "APIs de consumo dentro da MAPFRE",
    "Entity APIs": "APIs de entidade",
    "Corporate": "Corporativo",
    "Business APIs based on TRON": "APIs de negócios baseadas em TRON",
    "View list": "Ver lista",
    "API regulations": "Regulamentos da API",
    "REST standards for APIs design": "Regulamentos REST para o design de APIs",
    "API publication procedure": "Procedimiento de publicación de APIs",
    "Lifecycle flow of publishing an API in Mapfre in Marketplace and API GW": "Fluxo do ciclo de vida de publicação de uma API na Mapfre no Marketplace e API GW",
    "Regulations": "Regulamentos",
    "See consumer view": "Ver visão do consumidor",
    "Consumption APIs from": "Apis de consumo",
    "within": "dentro",
    "outside": "fora",
    "MAPFRE or from": "da MAPFRE ou",
    " MAPFRE": "da MAPFRE",
    "consumption.": "",
    "Access to APIs": "Acesso à API",
    "Query APIs with a pre-built enterprise implementation. This can be used as the basis for building new APIs": "Consultar APIs com implementação pré-construída corporativa e que pode servir de base para a construção de novas APIs"
  }
}
