{
  "es": {
    "Scenarios": "Escenarios",
    "Archetype": "Arquetipo",
    "Angular component library": "Librería de componentes de Angular",
    "Content Management System": "Sistema de gestión de contenidos",
    "Transactional and hybrid webs": "Webs transaccionales e híbridas",
    "Server Side Rendering": "Renderización en el lado del servidor",
    "Document databases": "Bases de datos documentales",
    "NoSQL databases": "Bases de datos NoSQL",
    "Relational databases": "Bases de datos relacionales",
    "Memory databases": "Bases de datos en memoria",
    "Storage": "Almacenamiento",
    "Consume API HTTP onPrem": "Consumo de API HTTP onPrem",
    "Customer file Integration": "Integración de ficheros de clientes",
    "File Integration - OnPremise/CLOUD": "Integración Ficheros - OnPremise/CLOUD",
    "REST API publishing": "Publicación API REST",
    "WebSocket API publishing": "Publicación API WebSocket",
    "AppSync API publishing": "Publicación API AppSync",
    "Security": "Seguridad",
    "Observability": "Observabilidad",
    "Error handling": "Gestión de errores",
    "Configuration Parameter and Key Management": "Gestión de Parámetros de configuración y Claves",
    "Observability applied to Service Catalog": "Observabilidad aplicada al catálogo de servicios",
    "Documentation": "Documentación",
    "Documents": "Documentos",
    "HTTP Status": "Estados HTTP",
    "Error returns": "Retorno de Errores",
    "Communications": "Comunicaciones",
    "Encryption key management": "Gestión de claves de cifrado",
    "Parameter management and secrets": "Gestión de parámetros y secretos",
    "New use case management": "Gestión nuevos casos de uso",
    "Identity and Privilege Management": "Gestión de Identidades y Privilegios",
    "Infrastructures": "Infraestructuras",
    "Frontend Services": "Servicios de Frontend",
    "Logging": "Registro",
    "Monitoring": "Monitorización",
    "Trace": "Rastreo",
    "Name": "Nombre",
    "Actions": "Acciones",
    "Create component": "Crear componente",
    "Arquitectura Backend": "Arquitectura Backend",
    "Arquitectura Front": "Arquitectura Front",
    "Arquitectura BFF": "Arquitectura BFF",
    "Arquitectura Integración": "Arquitectura Integración",
    "Arquitectura Transversal": "Arquitectura Transversal",
    "Backend Architecture": "Arquitectura Backend",
    "Frontend Architecture": "Arquitectura Front",
    "BFF Architecture": "Arquitectura BFF",
    "Integration Architecture": "Arquitectura Integración",
    "Transversal Architecture": "Arquitectura Transversal",
    "Cloud Services Catalog": "Catálogo de Servicios Cloud",
    "Catalogo de Servicios Cloud": "Catálogo de Servicios Cloud",
    "View docs": "Ver docs",
    "Schedule entity refresh": "Programar actualización de entidad",
    "Refresh scheduled": "Actualización programada",
    "Refresh unavalaible": "Actualización no disponible",
    "Access Security": "Acceder a Seguridad",
    "Access Observability": "Acceder a Observabilidad",
    "Access Error handling": "Acceder a Gestión de errores",
    "Access Configuration Parameter and Key Management": "Acceder a Gestión de Parámetros de configuración y Claves",
    "Access": "Acceder",
    "Arquitecturas de referencia": "Arquitecturas de referencia"
  },
  "pt": {
    "Scenarios": "Cenários",
    "Archetype": "Arquétipo",
    "Angular component library": "Biblioteca de Componentes Angular",
    "Content Management System": "Sistema de Gestão de Conteúdos",
    "Transactional and hybrid webs": "Webs transaccionales e híbridas",
    "Server Side Rendering": "Renderização do lado do servidor",
    "Document databases": "Bases de dados documentais",
    "NoSQL databases": "Bases de dados NoSQL",
    "Relational databases": "Bases de dados relacionales",
    "Memory databases": "Bases de dados de memória",
    "Storage": "Armazenamento",
    "Consume API HTTP onPrem": "Consumo API HTTP onPrem",
    "Customer File Integration": "Integração de ficheiros de clientes",
    "File Integration - OnPremise/CLOUD": "Integração de ficheiros - OnPremise/CLOUD",
    "REST API publishing": "Publicação API REST",
    "WebSocket API publishing": "Publicação API WebSocket",
    "AppSync API publishing": "Publicação API AppSync",
    "Security": "Segurança",
    "Observabilility": "Observabilidade",
    "Error handling": "Tratamento de erros",
    "Configuration Parameter and Key Management": "Gestão de parâmetros de configuração e chaves",
    "Observability applied to Service Catalog": "Observabilidade aplicada ao catálogo de serviços",
    "Documentation": "Documentação",
    "Documents": "Documentos",
    "HTTP Status": "Estados HTTP",
    "Error returns": "Devolução de Erros",
    "Communications": "Comunicações",
    "Encryption key management": "Gestão de chaves de encriptação",
    "Parameter management and secrets": "Gestão de parâmetros e segredos",
    "New use case management": "Gestão de novos casos de uso",
    "Identity and Privilege Management": "Gestão de Identidade e Privilégios",
    "Infrastructures": "Infraestructuras",
    "Frontend Services": "Serviços de Frontend",
    "Logging": "Registo",
    "Monitoring": "Monitorização",
    "Trace": "Rastreio",
    "Name": "Nome",
    "Actions": "Acções",
    "Create component": "Criar componente",
    "Backend Architecture": "Arquitectura Backend",
    "Frontend Architecture": "Arquitectura Front",
    "Transversal Architecture": "Arquitectura Transversal",
    "BFF Architecture": "Arquitectura BFF",
    "Integration Architecture": "Arquitectura de Integração",
    "Arquitectura Backend": "Arquitectura Backend",
    "Arquitectura Front": "Arquitectura Front",
    "Arquitectura BFF": "Arquitectura BFF",
    "Arquitectura Transversal": "Arquitectura Transversal",
    "Arquitectura Integración": "Arquitectura de Integração",
    "Cloud Services Catalog": "Catálogo de Serviços Cloud",
    "Catalogo de Servicios Cloud": "Catálogo de Serviços Cloud",
    "Catálogo de Servicios Cloud": "Catálogo de Serviços Cloud",
    "View docs": "Ver docs",
    "Schedule entity refresh": "Programar actualização da entidade",
    "Refresh scheduled": "Actualização agendada",
    "Refresh unavalaible": "Actualização não disponível",
    "Access Security": "Acesso a Segurança de Acesso",
    "Access Observability": "Acesso a Observabilidade",
    "Access Error handling": "Acesso a Tratamento de erros",
    "Access Configuration Parameter and Key Management": "Gestão de parâmetros de configuração e chaves",
    "Arquitecturas de referencia": "Arquiteturas de referência"
  }
}
