{
  "es": {
    "Start preparing your environment and deploy your application by following this guide!": "Empieza a preparar el entorno de trabajo y poder desplegar tu aplicación, siguiendo esta guía!",
    "1. Create an app": "1. Crear una app",
    "Choose from among the different reference architecture archetypes options:": "Elegir entre las diferentes opciones de arquetipos de arquitectura de referencia:",
    "2. Clone the generated code in local.": "2. Clona el código generado en local.",
    "Once the repository of our code has been created, clone the repository in our local work environment (Visual Studio Code is recommended).": "Una vez creado el repositorio de nuestro código, clonar el repositorio en nuestro entorno de trabajo local (se recomienda Visual Studio Code).",
    "3. Select the scenario(s) to be implemented.": "3. Seleccionar el escenario o escenarios a implementar.",
    "The scenarios present a guide for the developer so that he can choose which one he wants for his application to be developed. Within the scenarios, the Code button shows a basic example of the implementation of the scenario.": "Los escenarios presentan una guía para que el desarrollador pueda elegir cuál desea para su aplicación a desarrollar. Dentro de los escenarios, el botón Código muestra un ejemplo básico de la implementación del escenario.",
    "4. Customize the IAC and business code of our application.": "4. Personalizar el IAC y el código de negocio de nuestra aplicación.",
    "Customize the INFRA and SOURCES folder code to adapt it to the needs of the business case to be implemented.": "Personalizar el código de las carpetas INFRA y SOURCES para adaptarlo a las necesidades del caso de negocio a implementar.",
    "5. Deploy your app!": "5. ¡Despliega tu aplicación!",
    "To deploy in MAPFRE environments, the pipelines must be configured in Jenkins and adopt the documented branching and deployment model.": "Para desplegar en entornos MAPFRE, los pipelines deben estar configurados en Jenkins y adoptar el modelo de ramificación y despliegue documentado."
  },
  "pt": {
    "1. Create an app": "1. Criar um aplicativo",
    "Choose from among the different reference architecture archetypes options:": "Escolher de entre as diferentes opções de arquetipo de arquitectura de referência:",
    "2. Clone the generated code in local.": "2. Clonar o código gerado no local.",
    "Once the repository of our code has been created, clone the repository in our local work environment (Visual Studio Code is recommended).": "Uma vez criado o repositório do nosso código, clonar o repositório no nosso ambiente de trabalho local (recomenda-se o Visual Studio Code).",
    "3. Select the scenario(s) to be implemented.": "3. Seleccione o(s) cenário(s) a ser(em) implementado(s).",
    "The scenarios present a guide for the developer so that he can choose which one he wants for his application to be developed. Within the scenarios, the Code button shows a basic example of the implementation of the scenario.": "Os cenários apresentam um guia para o programador, para que este possa escolher qual deles deseja para a sua aplicação a ser desenvolvida. Dentro dos cenários, o botão Código mostra um exemplo básico da implementação do cenário.",
    "4. Customize the IAC and business code of our application.": "4. Customize the IAC and business code of our application.",
    "Customize the INFRA and SOURCES folder code to adapt it to the needs of the business case to be implemented.": "Personalizar o código da pasta INFRA e FONTES para adaptá-lo às necessidades do caso comercial a ser implementado.",
    "5. Deploy your app!": "5. Implementar a sua aplicação!",
    "To deploy in MAPFRE environments, the pipelines must be configured in Jenkins and adopt the documented branching and deployment model.": "Para implementar em ambientes MAPFRE, os pipelines devem ser configurados em Jenkins e adoptar o modelo documentado de ramificação e implementação."
  }
}
