{
  "es": {
    "Change the language of the UI": "Cambiar idioma de la interfaz",
    "Prevent the sidebar from collapsing": "Evitar que la barra lateral se colapse",
    "Change the frequency of notification digests": "Cambiar la frecuencia de los envíos de notificaciones",
    "Tabs": "Pestañas"
  },
  "pt": {
    "Change the language of the UI": "Alterar o idioma da interface do usuário",
    "Prevent the sidebar from collapsing": "Impedir que a barra lateral entre em colapso",
    "Change the frequency of notification digests": "Alterar a frequência dos resumos de notificação",
    "Tabs": "Pestanas"
  }
}
