{
  "en": {
    "title": "My entities",
    "table": {
      "rows_per_page": "Entities per page",
      "of": "{{from}}-{{to}} of {{count}}",
      "filter": {
        "my_entities": "My entities",
        "pending_entities": "Pending entities"
      },
      "titles": {
        "name": "Name",
        "kind": "Kind",
        "lyfecycle": "Typology",
        "state": "State",
        "country": "Country",
        "description": "Description",
        "modDate": "Modified"
      }
    }
  },
  "es": {
    "title": "Mis activos",
    "table": {
      "rows_per_page": "Activos por página",
      "of": "{{from}}-{{to}} de {{count}}",
      "filter": {
        "my_entities": "Mis activos",
        "pending_entities": "Activos pendientes"
      },
      "titles": {
        "name": "Nombre",
        "kind": "Tipo",
        "lyfecycle": "Tipología",
        "state": "Estado",
        "country": "País",
        "description": "Descripción",
        "modDate": "Modificado"
      }
    }
  },
  "pt": {
    "title": "Meus ativos",
    "table": {
      "rows_per_page": "Ativos por página",
      "of": "{{from}}-{{to}} de {{count}}",
      "filter": {
        "my_entities": "Meus ativos",
        "pending_entities": "Ativos pendentes"
      },
      "titles": {
        "name": "Nome",
        "kind": "Tipo",
        "lyfecycle": "Tipologia",
        "state": "Estado",
        "country": "País",
        "description": "Descrição",
        "modDate": "Modificado"
      }
    }
  }
}
